{"cameraMode":{"drawMode":0,"name":"Shaded","section":"Shading Mode"},"sceneLighting":true,"audioPlay":false,"sceneViewState":{"m_AlwaysRefresh":false,"showFog":true,"showSkybox":true,"showFlares":true,"showImageEffects":true,"showParticleSystems":true,"showVisualEffectGraphs":true,"m_FxEnabled":true},"in2DMode":false,"pivot":{"x":-1.275099277496338,"y":1.7553339004516602,"z":2.3040943145751955},"rotation":{"x":-0.12917576730251313,"y":0.37152737379074099,"z":-0.052283674478530887,"w":-0.9179089069366455},"size":5.297187328338623,"orthographic":false}