{"cameraMode":{"drawMode":0,"name":"Shaded","section":"Shading Mode"},"sceneLighting":true,"audioPlay":false,"sceneViewState":{"m_AlwaysRefresh":false,"showFog":true,"showSkybox":true,"showFlares":true,"showImageEffects":true,"showParticleSystems":true,"showVisualEffectGraphs":true,"m_FxEnabled":true},"in2DMode":false,"pivot":{"x":0.9462766647338867,"y":2.4656481742858888,"z":4.137855529785156},"rotation":{"x":0.030867567285895349,"y":-0.6773001551628113,"z":0.028463397175073625,"w":0.7345104813575745},"size":6.574869632720947,"orthographic":true}