{"cameraMode":{"drawMode":0,"name":"Shaded","section":"Shading Mode"},"sceneLighting":true,"audioPlay":false,"sceneViewState":{"m_AlwaysRefresh":false,"showFog":true,"showSkybox":true,"showFlares":true,"showImageEffects":true,"showParticleSystems":true,"showVisualEffectGraphs":true,"m_FxEnabled":true},"in2DMode":false,"pivot":{"x":-1.389503836631775,"y":2.7339465618133547,"z":20.343639373779298},"rotation":{"x":0.03688710182905197,"y":0.011990876868367195,"z":-0.0004490251012612134,"w":0.9992562532424927},"size":3.7683029174804689,"orthographic":false}