{"cameraMode":{"drawMode":0,"name":"Shaded","section":"Shading Mode"},"sceneLighting":true,"audioPlay":false,"sceneViewState":{"m_AlwaysRefresh":false,"showFog":true,"showSkybox":true,"showFlares":true,"showImageEffects":true,"showParticleSystems":true,"showVisualEffectGraphs":true,"m_FxEnabled":true},"in2DMode":false,"pivot":{"x":-7.015074729919434,"y":4.225630283355713,"z":109.37482452392578},"rotation":{"x":0.07269702106714249,"y":-0.061299849301576617,"z":0.004472433123737574,"w":0.9954741597175598},"size":23.69345474243164,"orthographic":false}